{
  "rf": [
    [
      0.0,
      0.012192192192192192,
      0.9878078078078079
    ],
    [
      0.0,
      0.002192192192192192,
      0.9978078078078079
    ],
    [
      1.0,
      0.0,
      0.0
    ],
    [
      0.0,
      0.9990243902439024,
      0.000975609756097561
    ],
    [
      0.0,
      0.002192192192192192,
      0.9978078078078079
    ],
    [
      0.0,
      0.9990243902439024,
      0.000975609756097561
    ],
    [
      0.0,
      0.9990243902439024,
      0.000975609756097561
    ],
    [
      0.0,
      0.9990243902439024,
      0.000975609756097561
    ],
    [
      0.0,
      0.002192192192192192,
      0.9978078078078079
    ],
    [
      0.0,
      0.08854991576942796,
      0.9114500842305719
    ],
    [
      1.0,
      0.0,
      0.0
    ],
    [
      1.0,
      0.0,
      0.0
    ],
    [
      1.0,
      0.0,
      0.0
    ],
    [
      0.0,
      0.9990243902439024,
      0.000975609756097561
    ],
    [
      0.0,
      0.9990243902439024,
      0.000975609756097561
    ],
    [
      0.0,
      0.002192192192192192,
      0.9978078078078079
    ],
    [
      0.0,
      0.002192192192192192,
      0.9978078078078079
    ],
    [
      1.0,
      0.0,
      0.0
    ],
    [
      1.0,
      0.0,
      0.0
    ],
    [
      1.0,
      0.0,
      0.0
    ],
    [
      0.0,
      0.002192192192192192,
      0.9978078078078079
    ],
    [
      1.0,
      0.0,
      0.0
    ],
    [
      1.0,
      0.0,
      0.0
    ],
    [
      0.0,
      0.10054991576942796,
      0.8994500842305719
    ],
    [
      1.0,
      0.0,
      0.0
    ],
    [
      1.0,
      0.0,
      0.0
    ],
    [
      0.0,
      0.9990243902439024,
      0.000975609756097561
    ]
  ],
  "mlp": [
    [
      0.11233261835000187,
      0.3521652709798391,
      0.42124784898520584
    ],
    [
      0.09485500853121176,
      0.3570331885101892,
      0.5186299634210072
    ],
    [
      0.5203253281444369,
      0.25940532716634623,
      0.12171183291802874
    ],
    [
      0.16857463775334203,
      0.41661646969145616,
      0.3775708529480051
    ],
    [
      0.08232591643950822,
      0.4054571049409227,
      0.5308099246379141
    ],
    [
      0.234924265883329,
      0.401782464867387,
      0.36003529793939115
    ],
    [
      0.18393510863882181,
      0.3957233403775925,
      0.40706887627515503
    ],
    [
      0.164142953322374,
      0.37100856532871573,
      0.4633453303944578
    ],
    [
      0.11005550798466854,
      0.38740433911731986,
      0.5463012729125436
    ],
    [
      0.13362275883248226,
      0.3743752079318545,
      0.4155060503607313
    ],
    [
      0.4761298796280565,
      0.29947552089641255,
      0.1602220414325678
    ],
    [
      0.500492797858253,
      0.3003678118098399,
      0.15229277976449698
    ],
    [
      0.4809708165604291,
      0.3314975537439619,
      0.18492003934588438
    ],
    [
      0.15557691910603347,
      0.3838873327221754,
      0.4343882149811088
    ],
    [
      0.20011447826889905,
      0.39471464825276864,
      0.375378187784747
    ],
    [
      0.10860487305661319,
      0.3636840599215549,
      0.45927993052291716
    ],
    [
      0.09624319720645125,
      0.3771378442169066,
      0.5528176556830068
    ],
    [
      0.5143743348411753,
      0.27857856557793437,
      0.15046140700383187
    ],
    [
      0.5042032074119213,
      0.30603892837668806,
      0.15783729492024315
    ],
    [
      0.4717680014055081,
      0.3309985136307288,
      0.16137329102755374
    ],
    [
      0.10270162992905577,
      0.3576972854137852,
      0.5209487109705049
    ],
    [
      0.5022874675846777,
      0.3025750539718385,
      0.14687103535622215
    ],
    [
      0.4991420385729609,
      0.2785357682704438,
      0.12626950160243808
    ],
    [
      0.12088670948211135,
      0.3914880710587519,
      0.47736996410911225
    ],
    [
      0.5342698809667618,
      0.2768974748104192,
      0.14905639063588208
    ],
    [
      0.4766172696810626,
      0.3245222637222816,
      0.1727165518261821
    ],
    [
      0.16351955888679348,
      0.37525721884277885,
      0.4175950249019466
    ]
  ]
}